Product Category,Total Revenue,Total Quantity
Computer,5590080.87,4076
Smartphone,4217400.0,6822
Computer Accessories,2913199.83,11017
Audio,1804528.3499999999,22753
Television,642600.0,2142
Home Appliance,389400.0,649
Charging Accessories,289036.2,21516
Batteries,90691.79000000001,26731
